X,Y,org.esa.sn,ShipDetect,geometry_P,Detected_x,Detected_y,Detected_l,Detected_1,Detected_w,Detected_2,style_css_,icon_url
13.6982280119811,43.9721185484086,ID00000001,target_000,POINT (12.474399792767251 43.78226371828136),"10131","319",43.972118548408595,13.698228011981117,40.000000000000000,40.000000000000000,"fill:#ff0000; fill-opacity:0.2; stroke:#ff0000; stroke-opacity:1.0; stroke-width:1.0; symbol:circle",./0.png
13.7283168326086,43.9739187115489,ID00000002,target_001,POINT (12.474403346668192 43.78226438305307),"10372","297",43.973918711548869,13.728316832608614,40.000000000000000,40.000000000000000,"fill:#ff0000; fill-opacity:0.2; stroke:#ff0000; stroke-opacity:1.0; stroke-width:1.0; symbol:circle",./0.png
13.7681099143277,43.9885140604078,ID00000003,target_002,POINT (12.474407750815207 43.78226636512595),"10715","400",43.988514060407766,13.768109914327679,40.000000000000000,50.000000000000000,"fill:#ff0000; fill-opacity:0.2; stroke:#ff0000; stroke-opacity:1.0; stroke-width:1.0; symbol:circle",./0.png
13.6281682085292,43.9962792183067,ID00000004,target_003,POINT (12.474390841142105 43.78226472706363),"9627","677",43.996279218306746,13.628168208529171,130.000000000000000,270.000000000000000,"fill:#ff0000; fill-opacity:0.2; stroke:#ff0000; stroke-opacity:1.0; stroke-width:1.0; symbol:circle",./0.png
13.7287426725929,44.0298053345848,ID00000005,target_004,POINT (12.474402059306799 43.78226942431177),"10487","899",44.029805334584779,13.728742672592896,50.000000000000000,50.000000000000000,"fill:#ff0000; fill-opacity:0.2; stroke:#ff0000; stroke-opacity:1.0; stroke-width:1.0; symbol:circle",./0.png
13.7101631037556,44.0340716284247,ID00000006,target_005,POINT (12.474399738011419 43.78226949385515),"10349","970",44.034071628424655,13.710163103755582,110.000000000000000,120.000000000000000,"fill:#ff0000; fill-opacity:0.2; stroke:#ff0000; stroke-opacity:1.0; stroke-width:1.0; symbol:circle",./0.png
13.7967781876509,44.0275345858911,ID00000007,target_006,POINT (12.474410247606501 43.78227035689617),"11019","781",44.027534585891061,13.796778187650856,70.000000000000000,70.000000000000000,"fill:#ff0000; fill-opacity:0.2; stroke:#ff0000; stroke-opacity:1.0; stroke-width:1.0; symbol:circle",./0.png
13.8248916522878,44.0099631529589,ID00000008,target_007,POINT (12.474414030863256 43.782269245645615),"11206","553",44.009963152958882,13.824891652287841,30.000000000000000,30.000000000000000,"fill:#ff0000; fill-opacity:0.2; stroke:#ff0000; stroke-opacity:1.0; stroke-width:1.0; symbol:circle",./0.png
13.7967781876509,44.0275345858911,ID00000009,target_008,POINT (12.474410247606501 43.78227035689617),"11019","781",44.027534585891061,13.796778187650856,70.000000000000000,70.000000000000000,"fill:#ff0000; fill-opacity:0.2; stroke:#ff0000; stroke-opacity:1.0; stroke-width:1.0; symbol:circle",./0.png
13.8086593517404,44.0302107902131,ID00000010,target_009,POINT (12.474411606132152 43.78227079237691),"11118","793",44.030210790213147,13.808659351740419,150.000000000000000,220.000000000000000,"fill:#ff0000; fill-opacity:0.2; stroke:#ff0000; stroke-opacity:1.0; stroke-width:1.0; symbol:circle",./0.png
14.0050127381318,44.0715240780775,ID00000011,target_010,POINT (12.474434080422299 43.78227778907578),"12747","971",44.071524078077523,14.005012738131798,140.000000000000000,220.000000000000000,"fill:#ff0000; fill-opacity:0.2; stroke:#ff0000; stroke-opacity:1.0; stroke-width:1.0; symbol:circle",./0.png
12.8646940987586,43.9503795381106,ID00000012,target_011,POINT (12.474300672226633 43.782247835292004),"3510","1269",43.950379538110568,12.864694098758635,50.000000000000000,80.000000000000000,"fill:#ff0000; fill-opacity:0.2; stroke:#ff0000; stroke-opacity:1.0; stroke-width:1.0; symbol:circle",./0.png
13.5772310413539,44.0347950086829,ID00000013,target_012,POINT (12.474383821292456 43.78226733585638),"9302","1162",44.034795008682941,13.577231041353928,60.000000000000000,60.000000000000000,"fill:#ff0000; fill-opacity:0.2; stroke:#ff0000; stroke-opacity:1.0; stroke-width:1.0; symbol:circle",./0.png
13.5533877778839,44.0559140493874,ID00000014,target_013,POINT (12.474380468015491 43.782268843266536),"9157","1423",44.055914049387390,13.553387777883906,110.000000000000000,170.000000000000000,"fill:#ff0000; fill-opacity:0.2; stroke:#ff0000; stroke-opacity:1.0; stroke-width:1.0; symbol:circle",./0.png
13.7101517601411,44.0341165922937,ID00000015,target_014,POINT (12.474399733138124 43.782269501567534),"10349","971",44.034116592293678,13.710151760141054,110.000000000000000,110.000000000000000,"fill:#ff0000; fill-opacity:0.2; stroke:#ff0000; stroke-opacity:1.0; stroke-width:1.0; symbol:circle",./0.png
13.7622233696908,44.0691595521336,ID00000016,target_015,POINT (12.474405116259462 43.782273524793176),"10829","1277",44.069159552133584,13.762223369690814,130.000000000000000,250.000000000000000,"fill:#ff0000; fill-opacity:0.2; stroke:#ff0000; stroke-opacity:1.0; stroke-width:1.0; symbol:circle",./0.png
13.7810545062806,44.0770362957763,ID00000017,target_016,POINT (12.474407178259645 43.7822745482007),"10993","1336",44.077036295776296,13.781054506280620,230.000000000000000,290.000000000000000,"fill:#ff0000; fill-opacity:0.2; stroke:#ff0000; stroke-opacity:1.0; stroke-width:1.0; symbol:circle",./0.png
13.7572258304749,44.0859706133778,ID00000018,target_017,POINT (12.474404114817656 43.782274953904405),"10823","1465",44.085970613377832,13.757225830474869,150.000000000000000,170.000000000000000,"fill:#ff0000; fill-opacity:0.2; stroke:#ff0000; stroke-opacity:1.0; stroke-width:1.0; symbol:circle",./0.png
13.8026925214295,44.047175110658,ID00000019,target_018,POINT (12.47441047796679 43.782272217348265),"11104","984",44.047175110657967,13.802692521429460,120.000000000000000,180.000000000000000,"fill:#ff0000; fill-opacity:0.2; stroke:#ff0000; stroke-opacity:1.0; stroke-width:1.0; symbol:circle",./0.png
13.8164433562553,44.0499965205995,ID00000020,target_019,POINT (12.474412051666038 43.782272704851586),"11218","996",44.049996520599528,13.816443356255256,140.000000000000000,250.000000000000000,"fill:#ff0000; fill-opacity:0.2; stroke:#ff0000; stroke-opacity:1.0; stroke-width:1.0; symbol:circle",./0.png
13.7909459943932,44.0639128757277,ID00000021,target_020,POINT (12.474408676163463 43.78227353267522),"11045","1181",44.063912875727745,13.790945994393242,130.000000000000000,250.000000000000000,"fill:#ff0000; fill-opacity:0.2; stroke:#ff0000; stroke-opacity:1.0; stroke-width:1.0; symbol:circle",./0.png
14.0049570645093,44.0717488829376,ID00000022,target_021,POINT (12.474434065952396 43.78227781223228),"12747","974",44.071748882937577,14.004957064509343,140.000000000000000,170.000000000000000,"fill:#ff0000; fill-opacity:0.2; stroke:#ff0000; stroke-opacity:1.0; stroke-width:1.0; symbol:circle",./0.png
13.5885970684194,44.0868330707171,ID00000023,target_022,POINT (12.474383927182965 43.7822722119149),"9496","1707",44.086833070717063,13.588597068419432,40.000000000000000,30.000000000000000,"fill:#ff0000; fill-opacity:0.2; stroke:#ff0000; stroke-opacity:1.0; stroke-width:1.0; symbol:circle",./0.png
13.5882532025224,44.0881818522733,ID00000024,target_023,POINT (12.474383853661935 43.782272327529235),"9496","1722",44.088181852273344,13.588253202522415,140.000000000000000,230.000000000000000,"fill:#ff0000; fill-opacity:0.2; stroke:#ff0000; stroke-opacity:1.0; stroke-width:1.0; symbol:circle",./0.png
13.5882532025224,44.0881818522733,ID00000025,target_024,POINT (12.474383853661935 43.782272327529235),"9496","1722",44.088181852273344,13.588253202522415,140.000000000000000,230.000000000000000,"fill:#ff0000; fill-opacity:0.2; stroke:#ff0000; stroke-opacity:1.0; stroke-width:1.0; symbol:circle",./0.png
13.6481915852725,44.1086329600344,ID00000026,target_025,POINT (12.474390527913112 43.78227516926875),"10009","1859",44.108632960034363,13.648191585272508,100.000000000000000,130.000000000000000,"fill:#ff0000; fill-opacity:0.2; stroke:#ff0000; stroke-opacity:1.0; stroke-width:1.0; symbol:circle",./0.png
13.7570896568397,44.0865101136065,ID00000027,target_026,POINT (12.474404085573422 43.78227500017193),"10823","1471",44.086510113606458,13.757089656839716,150.000000000000000,290.000000000000000,"fill:#ff0000; fill-opacity:0.2; stroke:#ff0000; stroke-opacity:1.0; stroke-width:1.0; symbol:circle",./0.png
13.7406558461402,44.0915153624751,ID00000028,target_027,POINT (12.474401995889213 43.78227517032954),"10703","1547",44.091515362475057,13.740655846140157,140.000000000000000,280.000000000000000,"fill:#ff0000; fill-opacity:0.2; stroke:#ff0000; stroke-opacity:1.0; stroke-width:1.0; symbol:circle",./0.png
13.0655649295911,44.0736405491058,ID00000029,target_028,POINT (12.474321722277466 43.78226228654987),"5352","2303",44.073640549105782,13.065564929591115,50.000000000000000,50.000000000000000,"fill:#ff0000; fill-opacity:0.2; stroke:#ff0000; stroke-opacity:1.0; stroke-width:1.0; symbol:circle",./0.png
13.248682658287,44.0670957980522,ID00000030,target_029,POINT (12.474343773950345 43.78226475378457),"6780","1971",44.067095798052215,13.248682658287006,150.000000000000000,240.000000000000000,"fill:#ff0000; fill-opacity:0.2; stroke:#ff0000; stroke-opacity:1.0; stroke-width:1.0; symbol:circle",./0.png
13.6649676732191,44.1353812475987,ID00000031,target_030,POINT (12.474391897900833 43.7822778580968),"10195","2124",44.135381247598701,13.664967673219081,30.000000000000000,30.000000000000000,"fill:#ff0000; fill-opacity:0.2; stroke:#ff0000; stroke-opacity:1.0; stroke-width:1.0; symbol:circle",./0.png
13.0440748595851,44.1164274849959,ID00000032,target_031,POINT (12.474318120364156 43.782265771719636),"5271","2793",44.116427484995867,13.044074859585136,160.000000000000000,180.000000000000000,"fill:#ff0000; fill-opacity:0.2; stroke:#ff0000; stroke-opacity:1.0; stroke-width:1.0; symbol:circle",./0.png
13.1588933664714,44.1209696702626,ID00000033,target_032,POINT (12.474331742538928 43.78226810468693),"6184","2678",44.120969670262561,13.158893366471421,50.000000000000000,50.000000000000000,"fill:#ff0000; fill-opacity:0.2; stroke:#ff0000; stroke-opacity:1.0; stroke-width:1.0; symbol:circle",./0.png
13.1586467249957,44.1219138498941,ID00000034,target_033,POINT (12.474331692849729 43.78226818167167),"6184","2688",44.121913849894099,13.158646724995670,50.000000000000000,60.000000000000000,"fill:#ff0000; fill-opacity:0.2; stroke:#ff0000; stroke-opacity:1.0; stroke-width:1.0; symbol:circle",./0.png
13.2018587740279,44.1337005338675,ID00000035,target_034,POINT (12.474336573187193 43.78226996815283),"6548","2754",44.133700533867504,13.201858774027915,50.000000000000000,50.000000000000000,"fill:#ff0000; fill-opacity:0.2; stroke:#ff0000; stroke-opacity:1.0; stroke-width:1.0; symbol:circle",./0.png
13.3084980231324,44.1328277774275,ID00000036,target_035,POINT (12.474349345452998 43.782271667753484),"7385","2593",44.132827777427529,13.308498023132371,130.000000000000000,160.000000000000000,"fill:#ff0000; fill-opacity:0.2; stroke:#ff0000; stroke-opacity:1.0; stroke-width:1.0; symbol:circle",./0.png
13.3100503699208,44.1636668857622,ID00000037,target_036,POINT (12.474348787526091 43.782274472385645),"7460","2923",44.163666885762169,13.310050369920797,130.000000000000000,250.000000000000000,"fill:#ff0000; fill-opacity:0.2; stroke:#ff0000; stroke-opacity:1.0; stroke-width:1.0; symbol:circle",./0.png
12.7527204961377,44.1308620317933,ID00000038,target_037,POINT (12.474282946488215 43.78226220748652),"3011","3370",44.130862031793320,12.752720496137655,50.000000000000000,50.000000000000000,"fill:#ff0000; fill-opacity:0.2; stroke:#ff0000; stroke-opacity:1.0; stroke-width:1.0; symbol:circle",./0.png
12.8335524487422,44.1026223275136,ID00000039,target_038,POINT (12.474293288559155 43.78226101725967),"3587","2949",44.102622327513586,12.833552448742182,50.000000000000000,50.000000000000000,"fill:#ff0000; fill-opacity:0.2; stroke:#ff0000; stroke-opacity:1.0; stroke-width:1.0; symbol:circle",./0.png
12.8396721986272,44.104704574596,ID00000040,target_039,POINT (12.474293965529661 43.782261301266445),"3639","2962",44.104704574595978,12.839672198627188,120.000000000000000,120.000000000000000,"fill:#ff0000; fill-opacity:0.2; stroke:#ff0000; stroke-opacity:1.0; stroke-width:1.0; symbol:circle",./0.png
12.8522638810446,44.1146911935927,ID00000041,target_040,POINT (12.474295230918946 43.782262410255605),"3759","3051",44.114691193592655,12.852263881044617,40.000000000000000,40.000000000000000,"fill:#ff0000; fill-opacity:0.2; stroke:#ff0000; stroke-opacity:1.0; stroke-width:1.0; symbol:circle",./0.png
13.000296635645,44.1314888989452,ID00000042,target_041,POINT (12.474312522237645 43.78226639921446),"4958","3018",44.131488898945165,13.000296635644998,120.000000000000000,150.000000000000000,"fill:#ff0000; fill-opacity:0.2; stroke:#ff0000; stroke-opacity:1.0; stroke-width:1.0; symbol:circle",./0.png
13.112710508126,44.1708949755654,ID00000043,target_042,POINT (12.474325017032522 43.78227181952436),"5923","3280",44.170894975565403,13.112710508125973,100.000000000000000,140.000000000000000,"fill:#ff0000; fill-opacity:0.2; stroke:#ff0000; stroke-opacity:1.0; stroke-width:1.0; symbol:circle",./0.png
13.3099689143587,44.1639816054932,ID00000044,target_043,POINT (12.474348772697054 43.782274495491386),"7460","2926",44.163981605493191,13.309968914358681,130.000000000000000,180.000000000000000,"fill:#ff0000; fill-opacity:0.2; stroke:#ff0000; stroke-opacity:1.0; stroke-width:1.0; symbol:circle",./0.png
12.7196066852946,44.1668456820526,ID00000045,target_044,POINT (12.47427811848875 43.78226488626639),"2826","3804",44.166845682052582,12.719606685294575,180.000000000000000,160.000000000000000,"fill:#ff0000; fill-opacity:0.2; stroke:#ff0000; stroke-opacity:1.0; stroke-width:1.0; symbol:circle",./0.png
12.7134811131429,44.1716501228056,ID00000046,target_045,POINT (12.47427726821285 43.78226522004511),"2788","3865",44.171650122805630,12.713481113142873,80.000000000000000,70.000000000000000,"fill:#ff0000; fill-opacity:0.2; stroke:#ff0000; stroke-opacity:1.0; stroke-width:1.0; symbol:circle",./0.png
13.1737558308073,44.1991048774492,ID00000047,target_046,POINT (12.474331641868273 43.782275383498096),"6461","3497",44.199104877449209,13.173755830807350,50.000000000000000,50.000000000000000,"fill:#ff0000; fill-opacity:0.2; stroke:#ff0000; stroke-opacity:1.0; stroke-width:1.0; symbol:circle",./0.png
13.1737558308073,44.1991048774492,ID00000048,target_047,POINT (12.474331641868273 43.782275383498096),"6461","3497",44.199104877449209,13.173755830807350,50.000000000000000,50.000000000000000,"fill:#ff0000; fill-opacity:0.2; stroke:#ff0000; stroke-opacity:1.0; stroke-width:1.0; symbol:circle",./0.png
13.5726608782002,44.2761360257309,ID00000049,target_048,POINT (12.474377482638559 43.782288976576766),"9750","3767",44.276136025730949,13.572660878200166,110.000000000000000,160.000000000000000,"fill:#ff0000; fill-opacity:0.2; stroke:#ff0000; stroke-opacity:1.0; stroke-width:1.0; symbol:circle",./0.png
12.5813862273763,44.1791388353669,ID00000050,target_049,POINT (12.474261296247555 43.78226368651146),"1766","4139",44.179138835366913,12.581386227376289,40.000000000000000,50.000000000000000,"fill:#ff0000; fill-opacity:0.2; stroke:#ff0000; stroke-opacity:1.0; stroke-width:1.0; symbol:circle",./0.png
12.7046056274189,44.2126134434205,ID00000051,target_050,POINT (12.474275232567033 43.7822687554763),"2805","4317",44.212613443420480,12.704605627418889,110.000000000000000,120.000000000000000,"fill:#ff0000; fill-opacity:0.2; stroke:#ff0000; stroke-opacity:1.0; stroke-width:1.0; symbol:circle",./0.png
12.7762484738721,44.2141145075862,ID00000052,target_051,POINT (12.474283751784466 43.78227008977911),"3370","4229",44.214114507586231,12.776248473872052,140.000000000000000,130.000000000000000,"fill:#ff0000; fill-opacity:0.2; stroke:#ff0000; stroke-opacity:1.0; stroke-width:1.0; symbol:circle",./0.png
13.0626389953738,44.2532868791566,ID00000053,target_052,POINT (12.474317051187517 43.78227839627835),"5699","4237",44.253286879156597,13.062638995373767,160.000000000000000,140.000000000000000,"fill:#ff0000; fill-opacity:0.2; stroke:#ff0000; stroke-opacity:1.0; stroke-width:1.0; symbol:circle",./0.png
13.0781430374579,44.228362705803,ID00000054,target_053,POINT (12.474319510755741 43.78227641449131),"5770","3947",44.228362705802965,13.078143037457915,170.000000000000000,180.000000000000000,"fill:#ff0000; fill-opacity:0.2; stroke:#ff0000; stroke-opacity:1.0; stroke-width:1.0; symbol:circle",./0.png
13.0626389953738,44.2532868791566,ID00000055,target_054,POINT (12.474317051187517 43.78227839627835),"5699","4237",44.253286879156597,13.062638995373767,160.000000000000000,140.000000000000000,"fill:#ff0000; fill-opacity:0.2; stroke:#ff0000; stroke-opacity:1.0; stroke-width:1.0; symbol:circle",./0.png
12.4820187824134,44.2309418746912,ID00000056,target_055,POINT (12.474248179267851 43.78226668898422),"1097","4841",44.230941874691212,12.482018782413425,90.000000000000000,50.000000000000000,"fill:#ff0000; fill-opacity:0.2; stroke:#ff0000; stroke-opacity:1.0; stroke-width:1.0; symbol:circle",./0.png
12.704091661302,44.2290389111654,ID00000057,target_056,POINT (12.47427476931275 43.78227022304289),"2835","4494",44.229038911165397,12.704091661301957,120.000000000000000,120.000000000000000,"fill:#ff0000; fill-opacity:0.2; stroke:#ff0000; stroke-opacity:1.0; stroke-width:1.0; symbol:circle",./0.png
13.4909481503611,44.3635658470404,ID00000058,target_057,POINT (12.47436561048011 43.782295481740825),"9283","4822",44.363565847040356,13.490948150361126,150.000000000000000,190.000000000000000,"fill:#ff0000; fill-opacity:0.2; stroke:#ff0000; stroke-opacity:1.0; stroke-width:1.0; symbol:circle",./0.png
13.7697896952137,44.3764269992537,ID00000059,target_058,POINT (12.474398629778248 43.78230129674199),"11495","4578",44.376426999253695,13.769789695213689,100.000000000000000,290.000000000000000,"fill:#ff0000; fill-opacity:0.2; stroke:#ff0000; stroke-opacity:1.0; stroke-width:1.0; symbol:circle",./0.png
13.4064990180667,44.3225433596598,ID00000060,target_059,POINT (12.474356495595757 43.782290373849996),"8538","4497",44.322543359659754,13.406499018066732,180.000000000000000,200.000000000000000,"fill:#ff0000; fill-opacity:0.2; stroke:#ff0000; stroke-opacity:1.0; stroke-width:1.0; symbol:circle",./0.png
12.5617766548722,44.2731460723008,ID00000061,target_060,POINT (12.474256693190773 43.78227181743928),"1812","5176",44.273146072300847,12.561776654872181,60.000000000000000,90.000000000000000,"fill:#ff0000; fill-opacity:0.2; stroke:#ff0000; stroke-opacity:1.0; stroke-width:1.0; symbol:circle",./0.png
12.6449711761604,44.2884753051951,ID00000062,target_061,POINT (12.474266280494126 43.782274584887396),"2497","5218",44.288475305195142,12.644971176160364,130.000000000000000,120.000000000000000,"fill:#ff0000; fill-opacity:0.2; stroke:#ff0000; stroke-opacity:1.0; stroke-width:1.0; symbol:circle",./0.png
12.638417263621,44.294807931996,ID00000063,target_062,POINT (12.474265342290161 43.78227504901167),"2459","5296",44.294807931996026,12.638417263620982,170.000000000000000,250.000000000000000,"fill:#ff0000; fill-opacity:0.2; stroke:#ff0000; stroke-opacity:1.0; stroke-width:1.0; symbol:circle",./0.png
12.6396544033215,44.3015934238517,ID00000064,target_063,POINT (12.474265327155257 43.78227568023166),"2483","5367",44.301593423851749,12.639654403321527,150.000000000000000,150.000000000000000,"fill:#ff0000; fill-opacity:0.2; stroke:#ff0000; stroke-opacity:1.0; stroke-width:1.0; symbol:circle",./0.png
13.057472497861,44.3521697548094,ID00000065,target_064,POINT (12.474314064696348 43.78228720900448),"5862","5307",44.352169754809367,13.057472497860971,50.000000000000000,60.000000000000000,"fill:#ff0000; fill-opacity:0.2; stroke:#ff0000; stroke-opacity:1.0; stroke-width:1.0; symbol:circle",./0.png
13.0969197052261,44.3227964849871,ID00000066,target_065,POINT (12.474319486410275 43.7822852252259),"6111","4935",44.322796484987130,13.096919705226059,150.000000000000000,120.000000000000000,"fill:#ff0000; fill-opacity:0.2; stroke:#ff0000; stroke-opacity:1.0; stroke-width:1.0; symbol:circle",./0.png
13.3737706369533,44.3634528738068,ID00000067,target_066,POINT (12.474351607057857 43.78229350965632),"8364","4983",44.363452873806750,13.373770636953328,110.000000000000000,220.000000000000000,"fill:#ff0000; fill-opacity:0.2; stroke:#ff0000; stroke-opacity:1.0; stroke-width:1.0; symbol:circle",./0.png
13.374140936238,44.3635009524076,ID00000068,target_067,POINT (12.474351650171878 43.78229352017012),"8367","4983",44.363500952407570,13.374140936238033,170.000000000000000,220.000000000000000,"fill:#ff0000; fill-opacity:0.2; stroke:#ff0000; stroke-opacity:1.0; stroke-width:1.0; symbol:circle",./0.png
13.4377514314506,44.4045693149583,ID00000069,target_068,POINT (12.474358265504293 43.782298282217354),"8948","5337",44.404569314958266,13.437751431450627,90.000000000000000,110.000000000000000,"fill:#ff0000; fill-opacity:0.2; stroke:#ff0000; stroke-opacity:1.0; stroke-width:1.0; symbol:circle",./0.png
12.6396544033215,44.3015934238517,ID00000070,target_069,POINT (12.474265327155257 43.78227568023166),"2483","5367",44.301593423851749,12.639654403321527,150.000000000000000,150.000000000000000,"fill:#ff0000; fill-opacity:0.2; stroke:#ff0000; stroke-opacity:1.0; stroke-width:1.0; symbol:circle",./0.png
12.6269724992019,44.3057888309258,ID00000071,target_070,POINT (12.474263705592389 43.782275840184504),"2392","5430",44.305788830925799,12.626972499201853,160.000000000000000,120.000000000000000,"fill:#ff0000; fill-opacity:0.2; stroke:#ff0000; stroke-opacity:1.0; stroke-width:1.0; symbol:circle",./0.png
12.6840899845334,44.3400618816098,ID00000072,target_071,POINT (12.474269715157071 43.78227988408851),"2912","5715",44.340061881609792,12.684089984533408,110.000000000000000,90.000000000000000,"fill:#ff0000; fill-opacity:0.2; stroke:#ff0000; stroke-opacity:1.0; stroke-width:1.0; symbol:circle",./0.png
12.6844286982974,44.3411795782695,ID00000073,target_072,POINT (12.47426973131696 43.782279986473156),"2917","5726",44.341179578269454,12.684428698297433,30.000000000000000,40.000000000000000,"fill:#ff0000; fill-opacity:0.2; stroke:#ff0000; stroke-opacity:1.0; stroke-width:1.0; symbol:circle",./0.png
12.6836076649114,44.3418602043064,ID00000074,target_073,POINT (12.47426961428695 43.7822800378388),"2912","5735",44.341860204306371,12.683607664911433,30.000000000000000,50.000000000000000,"fill:#ff0000; fill-opacity:0.2; stroke:#ff0000; stroke-opacity:1.0; stroke-width:1.0; symbol:circle",./0.png
12.7445869433202,44.3430129848129,ID00000075,target_074,POINT (12.474276879194367 43.78228115669933),"3392","5658",44.343012984812873,12.744586943320192,90.000000000000000,100.000000000000000,"fill:#ff0000; fill-opacity:0.2; stroke:#ff0000; stroke-opacity:1.0; stroke-width:1.0; symbol:circle",./0.png
13.4797816422115,44.4465041861598,ID00000076,target_075,POINT (12.474362284984368 43.7823027539098),"9361","5730",44.446504186159821,13.479781642211488,70.000000000000000,160.000000000000000,"fill:#ff0000; fill-opacity:0.2; stroke:#ff0000; stroke-opacity:1.0; stroke-width:1.0; symbol:circle",./0.png
13.5034565273627,44.4608682361926,ID00000077,target_076,POINT (12.474364770147535 43.782304441969025),"9575","5852",44.460868236192560,13.503456527362715,90.000000000000000,120.000000000000000,"fill:#ff0000; fill-opacity:0.2; stroke:#ff0000; stroke-opacity:1.0; stroke-width:1.0; symbol:circle",./0.png
12.5880158571631,44.3484522758597,ID00000078,target_077,POINT (12.474258020706952 43.78227903183532),"2177","5945",44.348452275859700,12.588015857163120,80.000000000000000,70.000000000000000,"fill:#ff0000; fill-opacity:0.2; stroke:#ff0000; stroke-opacity:1.0; stroke-width:1.0; symbol:circle",./0.png
12.5755113607083,44.3682812368172,ID00000079,target_078,POINT (12.474256049369531 43.78228060705146),"2121","6176",44.368281236817168,12.575511360708278,60.000000000000000,50.000000000000000,"fill:#ff0000; fill-opacity:0.2; stroke:#ff0000; stroke-opacity:1.0; stroke-width:1.0; symbol:circle",./0.png
13.4439495659961,44.493360997399,ID00000080,target_079,POINT (12.474356875312225 43.78230637122721),"9174","6284",44.493360997398966,13.443949565996096,70.000000000000000,160.000000000000000,"fill:#ff0000; fill-opacity:0.2; stroke:#ff0000; stroke-opacity:1.0; stroke-width:1.0; symbol:circle",./0.png
13.5034565273627,44.4608682361926,ID00000081,target_080,POINT (12.474364770147535 43.782304441969025),"9575","5852",44.460868236192560,13.503456527362715,90.000000000000000,120.000000000000000,"fill:#ff0000; fill-opacity:0.2; stroke:#ff0000; stroke-opacity:1.0; stroke-width:1.0; symbol:circle",./0.png
12.3425527212034,44.3908818367072,ID00000082,target_081,POINT (12.47422766327579 43.782278749610114),"347","6762",44.390881836707230,12.342552721203360,150.000000000000000,110.000000000000000,"fill:#ff0000; fill-opacity:0.2; stroke:#ff0000; stroke-opacity:1.0; stroke-width:1.0; symbol:circle",./0.png
12.3440426916279,44.3926748418318,ID00000083,target_082,POINT (12.474227791165815 43.78227893404217),"362","6779",44.392674841831848,12.344042691627950,100.000000000000000,90.000000000000000,"fill:#ff0000; fill-opacity:0.2; stroke:#ff0000; stroke-opacity:1.0; stroke-width:1.0; symbol:circle",./0.png
12.4527829100591,44.3896287755846,ID00000084,target_083,POINT (12.474240866790907 43.78228047320374),"1206","6585",44.389628775584605,12.452782910059080,160.000000000000000,100.000000000000000,"fill:#ff0000; fill-opacity:0.2; stroke:#ff0000; stroke-opacity:1.0; stroke-width:1.0; symbol:circle",./0.png
12.5783901931982,44.3848475283261,ID00000085,target_084,POINT (12.474256005188487 43.78228214371202),"2179","6349",44.384847528326141,12.578390193198237,70.000000000000000,60.000000000000000,"fill:#ff0000; fill-opacity:0.2; stroke:#ff0000; stroke-opacity:1.0; stroke-width:1.0; symbol:circle",./0.png
12.5596916175543,44.3911464546365,ID00000086,target_085,POINT (12.474253618429705 43.78228239802141),"2046","6444",44.391146454636505,12.559691617554284,150.000000000000000,160.000000000000000,"fill:#ff0000; fill-opacity:0.2; stroke:#ff0000; stroke-opacity:1.0; stroke-width:1.0; symbol:circle",./0.png
12.5457400881188,44.4054104963299,ID00000087,target_086,POINT (12.47425160527237 43.78228345218506),"1967","6618",44.405410496329893,12.545740088118810,130.000000000000000,110.000000000000000,"fill:#ff0000; fill-opacity:0.2; stroke:#ff0000; stroke-opacity:1.0; stroke-width:1.0; symbol:circle",./0.png
12.6601988355181,44.405546674142,ID00000088,target_087,POINT (12.474265280902033 43.78228537144368),"2862","6452",44.405546674142045,12.660198835518091,120.000000000000000,100.000000000000000,"fill:#ff0000; fill-opacity:0.2; stroke:#ff0000; stroke-opacity:1.0; stroke-width:1.0; symbol:circle",./0.png
12.6611803626729,44.4068912943863,ID00000089,target_088,POINT (12.474265373108128 43.78228551061528),"2873","6465",44.406891294386298,12.661180362672908,210.000000000000000,200.000000000000000,"fill:#ff0000; fill-opacity:0.2; stroke:#ff0000; stroke-opacity:1.0; stroke-width:1.0; symbol:circle",./0.png
12.7237308210115,44.4208283260148,ID00000090,target_089,POINT (12.474272506454852 43.782287811938176),"3391","6524",44.420828326014842,12.723730821011481,160.000000000000000,130.000000000000000,"fill:#ff0000; fill-opacity:0.2; stroke:#ff0000; stroke-opacity:1.0; stroke-width:1.0; symbol:circle",./0.png
13.3795372161232,44.5272741580838,ID00000091,target_090,POINT (12.474348359920574 43.782308346321955),"8738","6738",44.527274158083770,13.379537216123213,110.000000000000000,140.000000000000000,"fill:#ff0000; fill-opacity:0.2; stroke:#ff0000; stroke-opacity:1.0; stroke-width:1.0; symbol:circle",./0.png
13.3795372161232,44.5272741580838,ID00000092,target_091,POINT (12.474348359920574 43.782308346321955),"8738","6738",44.527274158083770,13.379537216123213,110.000000000000000,140.000000000000000,"fill:#ff0000; fill-opacity:0.2; stroke:#ff0000; stroke-opacity:1.0; stroke-width:1.0; symbol:circle",./0.png
14.002944857506,44.5990129236557,ID00000093,target_092,POINT (12.4744211544322 43.78232522059034),"13753","6666",44.599012923655707,14.002944857505961,40.000000000000000,50.000000000000000,"fill:#ff0000; fill-opacity:0.2; stroke:#ff0000; stroke-opacity:1.0; stroke-width:1.0; symbol:circle",./0.png
12.4249758980714,44.4412136108757,ID00000094,target_093,POINT (12.47423631023217 43.78228465185434),"1099","7179",44.441213610875664,12.424975898071366,90.000000000000000,80.000000000000000,"fill:#ff0000; fill-opacity:0.2; stroke:#ff0000; stroke-opacity:1.0; stroke-width:1.0; symbol:circle",./0.png
12.5198761858055,44.4230302241344,ID00000095,target_094,POINT (12.474248089897342 43.7822846053873),"1802","6845",44.423030224134422,12.519876185805476,150.000000000000000,130.000000000000000,"fill:#ff0000; fill-opacity:0.2; stroke:#ff0000; stroke-opacity:1.0; stroke-width:1.0; symbol:circle",./0.png
12.5043595438819,44.4238864386861,ID00000096,target_095,POINT (12.474246207141688 43.78228442135017),"1682","6877",44.423886438686118,12.504359543881922,40.000000000000000,30.000000000000000,"fill:#ff0000; fill-opacity:0.2; stroke:#ff0000; stroke-opacity:1.0; stroke-width:1.0; symbol:circle",./0.png
12.5036729098338,44.4250045353754,ID00000097,target_096,POINT (12.474246098190315 43.782284510480835),"1679","6890",44.425004535375429,12.503672909833806,100.000000000000000,150.000000000000000,"fill:#ff0000; fill-opacity:0.2; stroke:#ff0000; stroke-opacity:1.0; stroke-width:1.0; symbol:circle",./0.png
12.52351424831,44.4586834598306,ID00000098,target_097,POINT (12.474247668198199 43.78228787419962),"1906","7222",44.458683459830638,12.523514248310043,50.000000000000000,50.000000000000000,"fill:#ff0000; fill-opacity:0.2; stroke:#ff0000; stroke-opacity:1.0; stroke-width:1.0; symbol:circle",./0.png
12.9351007014642,44.5218650595302,ID00000099,target_098,POINT (12.474295350492868 43.78230043124318),"5253","7305",44.521865059530242,12.935100701464185,60.000000000000000,100.000000000000000,"fill:#ff0000; fill-opacity:0.2; stroke:#ff0000; stroke-opacity:1.0; stroke-width:1.0; symbol:circle",./0.png
13.018155294114,44.5012301572152,ID00000100,target_099,POINT (12.474305782655454 43.782299964180275),"5860","6965",44.501230157215225,13.018155294114008,130.000000000000000,120.000000000000000,"fill:#ff0000; fill-opacity:0.2; stroke:#ff0000; stroke-opacity:1.0; stroke-width:1.0; symbol:circle",./0.png
12.3626506480328,44.4757833488657,ID00000101,target_100,POINT (12.474228026125644 43.78228672475599),"686","7642",44.475783348865669,12.362650648032753,50.000000000000000,50.000000000000000,"fill:#ff0000; fill-opacity:0.2; stroke:#ff0000; stroke-opacity:1.0; stroke-width:1.0; symbol:circle",./0.png
12.3975289336681,44.4641258416781,ID00000102,target_101,POINT (12.47423247127897 43.78228625302365),"933","7465",44.464125841678147,12.397528933668109,140.000000000000000,280.000000000000000,"fill:#ff0000; fill-opacity:0.2; stroke:#ff0000; stroke-opacity:1.0; stroke-width:1.0; symbol:circle",./0.png
12.452565919506,44.4799669854713,ID00000103,target_102,POINT (12.474238677507753 43.782288599855264),"1397","7554",44.479966985471272,12.452565919506005,170.000000000000000,100.000000000000000,"fill:#ff0000; fill-opacity:0.2; stroke:#ff0000; stroke-opacity:1.0; stroke-width:1.0; symbol:circle",./0.png
12.491406038586,44.5017467376765,ID00000104,target_103,POINT (12.474242787822346 43.782291210635336),"1746","7731",44.501746737676505,12.491406038586046,240.000000000000000,130.000000000000000,"fill:#ff0000; fill-opacity:0.2; stroke:#ff0000; stroke-opacity:1.0; stroke-width:1.0; symbol:circle",./0.png
12.5453394984415,44.4778058070113,ID00000105,target_104,POINT (12.474249817956473 43.7822899595013),"2117","7395",44.477805807011329,12.545339498441496,150.000000000000000,130.000000000000000,"fill:#ff0000; fill-opacity:0.2; stroke:#ff0000; stroke-opacity:1.0; stroke-width:1.0; symbol:circle",./0.png
12.5308868911018,44.4867347542354,ID00000106,target_105,POINT (12.474247875616244 43.78229052140725),"2023","7512",44.486734754235371,12.530886891101773,170.000000000000000,130.000000000000000,"fill:#ff0000; fill-opacity:0.2; stroke:#ff0000; stroke-opacity:1.0; stroke-width:1.0; symbol:circle",./0.png
12.6240316405909,44.5207645007134,ID00000107,target_106,POINT (12.474258195947403 43.78229513597087),"2822","7741",44.520764500713383,12.624031640590902,150.000000000000000,280.000000000000000,"fill:#ff0000; fill-opacity:0.2; stroke:#ff0000; stroke-opacity:1.0; stroke-width:1.0; symbol:circle",./0.png
12.358925848139,44.5118438300681,ID00000108,target_107,POINT (12.47422671443094 43.78228990717931),"734","8034",44.511843830068067,12.358925848138997,170.000000000000000,150.000000000000000,"fill:#ff0000; fill-opacity:0.2; stroke:#ff0000; stroke-opacity:1.0; stroke-width:1.0; symbol:circle",./0.png
12.339590888954,44.5183578425054,ID00000109,target_108,POINT (12.474224248987701 43.78229016637056),"597","8132",44.518357842505416,12.339590888954037,90.000000000000000,160.000000000000000,"fill:#ff0000; fill-opacity:0.2; stroke:#ff0000; stroke-opacity:1.0; stroke-width:1.0; symbol:circle",./0.png
12.3724243104964,44.5088589659487,ID00000110,target_109,POINT (12.474228399883485 43.78228986416777),"833","7982",44.508858965948711,12.372424310496349,190.000000000000000,90.000000000000000,"fill:#ff0000; fill-opacity:0.2; stroke:#ff0000; stroke-opacity:1.0; stroke-width:1.0; symbol:circle",./0.png
12.438031001057,44.5048802838372,ID00000111,target_110,POINT (12.474236331560046 43.78229060067948),"1336","7843",44.504880283837245,12.438031001057018,180.000000000000000,130.000000000000000,"fill:#ff0000; fill-opacity:0.2; stroke:#ff0000; stroke-opacity:1.0; stroke-width:1.0; symbol:circle",./0.png
12.4498003039793,44.5108284852295,ID00000112,target_111,POINT (12.474237605385651 43.782291330509196),"1441","7889",44.510828485229474,12.449800303979302,170.000000000000000,140.000000000000000,"fill:#ff0000; fill-opacity:0.2; stroke:#ff0000; stroke-opacity:1.0; stroke-width:1.0; symbol:circle",./0.png
12.4380480550609,44.5175187244835,ID00000113,target_112,POINT (12.474236032484407 43.78229173431077),"1363","7978",44.517518724483537,12.438048055060928,180.000000000000000,140.000000000000000,"fill:#ff0000; fill-opacity:0.2; stroke:#ff0000; stroke-opacity:1.0; stroke-width:1.0; symbol:circle",./0.png
12.4768736668577,44.5177532698471,ID00000114,target_113,POINT (12.474240673077537 43.7822924098312),"1667","7924",44.517753269847098,12.476873666857744,250.000000000000000,130.000000000000000,"fill:#ff0000; fill-opacity:0.2; stroke:#ff0000; stroke-opacity:1.0; stroke-width:1.0; symbol:circle",./0.png
12.4950250331999,44.5401000986342,ID00000115,target_114,POINT (12.47424230614966 43.78229472387505),"1856","8137",44.540100098634177,12.495025033199857,170.000000000000000,170.000000000000000,"fill:#ff0000; fill-opacity:0.2; stroke:#ff0000; stroke-opacity:1.0; stroke-width:1.0; symbol:circle",./0.png
12.4937021058567,44.5468656304268,ID00000116,target_115,POINT (12.474241987979491 43.7822953066793),"1860","8211",44.546865630426829,12.493702105856737,150.000000000000000,120.000000000000000,"fill:#ff0000; fill-opacity:0.2; stroke:#ff0000; stroke-opacity:1.0; stroke-width:1.0; symbol:circle",./0.png
12.5105004602498,44.5229643472848,ID00000117,target_116,POINT (12.474244563302644 43.78229343499108),"1940","7930",44.522964347284848,12.510500460249792,260.000000000000000,160.000000000000000,"fill:#ff0000; fill-opacity:0.2; stroke:#ff0000; stroke-opacity:1.0; stroke-width:1.0; symbol:circle",./0.png
12.5146187915552,44.5316403553197,ID00000118,target_117,POINT (12.474244854372524 43.782294286255194),"1991","8017",44.531640355319723,12.514618791555238,210.000000000000000,180.000000000000000,"fill:#ff0000; fill-opacity:0.2; stroke:#ff0000; stroke-opacity:1.0; stroke-width:1.0; symbol:circle",./0.png
12.8807070328554,44.566267338418,ID00000119,target_118,POINT (12.474287778349284 43.78230352139764),"4920","7860",44.566267338417966,12.880707032855385,120.000000000000000,130.000000000000000,"fill:#ff0000; fill-opacity:0.2; stroke:#ff0000; stroke-opacity:1.0; stroke-width:1.0; symbol:circle",./0.png
13.1863695828727,44.6155508855626,ID00000120,target_119,POINT (12.47432314562583 43.78231306142679),"7407","7957",44.615550885562627,13.186369582872656,70.000000000000000,80.000000000000000,"fill:#ff0000; fill-opacity:0.2; stroke:#ff0000; stroke-opacity:1.0; stroke-width:1.0; symbol:circle",./0.png
12.4710942688498,44.5541211173636,ID00000121,target_120,POINT (12.474239110898779 43.78229558173572),"1699","8322",44.554121117363614,12.471094268849773,170.000000000000000,120.000000000000000,"fill:#ff0000; fill-opacity:0.2; stroke:#ff0000; stroke-opacity:1.0; stroke-width:1.0; symbol:circle",./0.png
13.2686044133167,44.6822192081919,ID00000122,target_121,POINT (12.474331374763983 43.78232043426402),"8183","8560",44.682219208191896,13.268604413316742,90.000000000000000,100.000000000000000,"fill:#ff0000; fill-opacity:0.2; stroke:#ff0000; stroke-opacity:1.0; stroke-width:1.0; symbol:circle",./0.png
13.2139017313304,44.6874198103712,ID00000123,target_122,POINT (12.474324710142705 43.78231998811694),"7767","8692",44.687419810371225,13.213901731330367,90.000000000000000,80.000000000000000,"fill:#ff0000; fill-opacity:0.2; stroke:#ff0000; stroke-opacity:1.0; stroke-width:1.0; symbol:circle",./0.png
13.3125969298402,44.6869261672794,ID00000124,target_123,POINT (12.47433651123647 43.78232159500005),"8535","8550",44.686926167279410,13.312596929840192,100.000000000000000,130.000000000000000,"fill:#ff0000; fill-opacity:0.2; stroke:#ff0000; stroke-opacity:1.0; stroke-width:1.0; symbol:circle",./0.png
13.7444139982289,44.7507892478461,ID00000125,target_124,POINT (12.474386599919972 43.782334556989824),"12028","8649",44.750789247846079,13.744413998228904,100.000000000000000,190.000000000000000,"fill:#ff0000; fill-opacity:0.2; stroke:#ff0000; stroke-opacity:1.0; stroke-width:1.0; symbol:circle",./0.png
13.8902444419185,44.7576990842971,ID00000126,target_125,POINT (12.47440387012296 43.78233761169958),"13177","8528",44.757699084297045,13.890244441918492,100.000000000000000,100.000000000000000,"fill:#ff0000; fill-opacity:0.2; stroke:#ff0000; stroke-opacity:1.0; stroke-width:1.0; symbol:circle",./0.png
12.397296461462,44.5957315351286,ID00000127,target_126,POINT (12.474229286116495 43.78229809644196),"1212","8877",44.595731535128635,12.397296461462044,50.000000000000000,90.000000000000000,"fill:#ff0000; fill-opacity:0.2; stroke:#ff0000; stroke-opacity:1.0; stroke-width:1.0; symbol:circle",./0.png
12.8466926170818,44.6889913562206,ID00000128,target_127,POINT (12.47428077036473 43.78231399726968),"4909","9227",44.688991356220555,12.846692617081796,150.000000000000000,110.000000000000000,"fill:#ff0000; fill-opacity:0.2; stroke:#ff0000; stroke-opacity:1.0; stroke-width:1.0; symbol:circle",./0.png
13.2455053244371,44.7452567361285,ID00000129,target_128,POINT (12.474327096091459 43.782325724119566),"8130","9271",44.745256736128461,13.245505324437149,90.000000000000000,90.000000000000000,"fill:#ff0000; fill-opacity:0.2; stroke:#ff0000; stroke-opacity:1.0; stroke-width:1.0; symbol:circle",./0.png
13.2934238576282,44.7448897576846,ID00000130,target_129,POINT (12.474332828755529 43.782326486211346),"8502","9200",44.744889757684561,13.293423857628181,200.000000000000000,200.000000000000000,"fill:#ff0000; fill-opacity:0.2; stroke:#ff0000; stroke-opacity:1.0; stroke-width:1.0; symbol:circle",./0.png
13.2455053244371,44.7452567361285,ID00000131,target_130,POINT (12.474327096091459 43.782325724119566),"8130","9271",44.745256736128461,13.245505324437149,90.000000000000000,90.000000000000000,"fill:#ff0000; fill-opacity:0.2; stroke:#ff0000; stroke-opacity:1.0; stroke-width:1.0; symbol:circle",./0.png
13.6824912478008,44.8110033412149,ID00000132,target_131,POINT (12.474377759823268 43.78233893806666),"11663","9381",44.811003341214921,13.682491247800824,110.000000000000000,180.000000000000000,"fill:#ff0000; fill-opacity:0.2; stroke:#ff0000; stroke-opacity:1.0; stroke-width:1.0; symbol:circle",./0.png
13.7637352382302,44.8524031635955,ID00000133,target_132,POINT (12.474386475155969 43.7823440245805),"12373","9719",44.852403163595518,13.763735238230169,30.000000000000000,30.000000000000000,"fill:#ff0000; fill-opacity:0.2; stroke:#ff0000; stroke-opacity:1.0; stroke-width:1.0; symbol:circle",./0.png
12.901436886084,44.8250978127439,ID00000134,target_133,POINT (12.474284037409664 43.78232715688723),"5615","10612",44.825097812743877,12.901436886083976,140.000000000000000,290.000000000000000,"fill:#ff0000; fill-opacity:0.2; stroke:#ff0000; stroke-opacity:1.0; stroke-width:1.0; symbol:circle",./0.png
12.9726325014117,44.8138725910856,ID00000135,target_134,POINT (12.474292828204975 43.78232733447314),"6146","10390",44.813872591085648,12.972632501411667,110.000000000000000,120.000000000000000,"fill:#ff0000; fill-opacity:0.2; stroke:#ff0000; stroke-opacity:1.0; stroke-width:1.0; symbol:circle",./0.png
13.7171842951257,44.9145766779842,ID00000136,target_135,POINT (12.47437940867151 43.782348839197454),"12130","10452",44.914576677984194,13.717184295125660,280.000000000000000,150.000000000000000,"fill:#ff0000; fill-opacity:0.2; stroke:#ff0000; stroke-opacity:1.0; stroke-width:1.0; symbol:circle",./0.png
13.7175473012394,44.9383567147673,ID00000137,target_136,POINT (12.474378880611999 43.78235098493662),"12178","10708",44.938356714767330,13.717547301239435,100.000000000000000,150.000000000000000,"fill:#ff0000; fill-opacity:0.2; stroke:#ff0000; stroke-opacity:1.0; stroke-width:1.0; symbol:circle",./0.png
12.3292382428008,44.7958472039855,ID00000138,target_137,POINT (12.474216344353797 43.782314961437855),"1109","11122",44.795847203985538,12.329238242800752,30.000000000000000,40.000000000000000,"fill:#ff0000; fill-opacity:0.2; stroke:#ff0000; stroke-opacity:1.0; stroke-width:1.0; symbol:circle",./0.png
12.3263334489838,44.7956375542798,ID00000139,target_138,POINT (12.474216002126427 43.78231489403468),"1086","11124",44.795637554279764,12.326333448983785,50.000000000000000,60.000000000000000,"fill:#ff0000; fill-opacity:0.2; stroke:#ff0000; stroke-opacity:1.0; stroke-width:1.0; symbol:circle",./0.png
12.3095873916405,44.7947059558148,ID00000140,target_139,POINT (12.47421401998105 43.78231453422094),"954","11139",44.794705955814834,12.309587391640527,70.000000000000000,70.000000000000000,"fill:#ff0000; fill-opacity:0.2; stroke:#ff0000; stroke-opacity:1.0; stroke-width:1.0; symbol:circle",./0.png
12.3235523967239,44.8043508584997,ID00000141,target_140,POINT (12.47421545775205 43.78231563541031),"1083","11222",44.804350858499689,12.323552396723946,70.000000000000000,70.000000000000000,"fill:#ff0000; fill-opacity:0.2; stroke:#ff0000; stroke-opacity:1.0; stroke-width:1.0; symbol:circle",./0.png
12.352150372876,44.7958946816772,ID00000142,target_141,POINT (12.474219082329322 43.782315348572475),"1287","11089",44.795894681677225,12.352150372875965,90.000000000000000,60.000000000000000,"fill:#ff0000; fill-opacity:0.2; stroke:#ff0000; stroke-opacity:1.0; stroke-width:1.0; symbol:circle",./0.png
12.3507975616527,44.795896680002,ID00000143,target_142,POINT (12.474218913337365 43.78231532434781),"1276","11091",44.795896680001995,12.350797561652676,60.000000000000000,40.000000000000000,"fill:#ff0000; fill-opacity:0.2; stroke:#ff0000; stroke-opacity:1.0; stroke-width:1.0; symbol:circle",./0.png
12.3235523967239,44.8043508584997,ID00000144,target_143,POINT (12.47421545775205 43.78231563541031),"1083","11222",44.804350858499689,12.323552396723946,70.000000000000000,70.000000000000000,"fill:#ff0000; fill-opacity:0.2; stroke:#ff0000; stroke-opacity:1.0; stroke-width:1.0; symbol:circle",./0.png
13.1512986230571,44.9590566107198,ID00000145,target_144,POINT (12.474310698922386 43.78234338336764),"7829","11702",44.959056610719770,13.151298623057073,130.000000000000000,100.000000000000000,"fill:#ff0000; fill-opacity:0.2; stroke:#ff0000; stroke-opacity:1.0; stroke-width:1.0; symbol:circle",./0.png
13.6815608363493,45.0162673935821,ID00000146,target_145,POINT (12.474372716011233 43.782357391729825),"12050","11596",45.016267393582112,13.681560836349323,90.000000000000000,80.000000000000000,"fill:#ff0000; fill-opacity:0.2; stroke:#ff0000; stroke-opacity:1.0; stroke-width:1.0; symbol:circle",./0.png
13.7048855430373,44.9938034710724,ID00000147,target_146,POINT (12.47437603448625 43.78235576233188),"12186","11323",44.993803471072354,13.704885543037300,60.000000000000000,70.000000000000000,"fill:#ff0000; fill-opacity:0.2; stroke:#ff0000; stroke-opacity:1.0; stroke-width:1.0; symbol:circle",./0.png
13.1288108267527,44.9798137526315,ID00000148,target_147,POINT (12.474307502034488 43.78234487737013),"7696","11957",44.979813752631465,13.128810826752691,120.000000000000000,90.000000000000000,"fill:#ff0000; fill-opacity:0.2; stroke:#ff0000; stroke-opacity:1.0; stroke-width:1.0; symbol:circle",./0.png
13.6134870986491,45.0429690697498,ID00000149,target_148,POINT (12.474363936294676 43.782358656783735),"11579","11975",45.042969069749788,13.613487098649069,70.000000000000000,120.000000000000000,"fill:#ff0000; fill-opacity:0.2; stroke:#ff0000; stroke-opacity:1.0; stroke-width:1.0; symbol:circle",./0.png
13.6242830925343,45.0590031773689,ID00000150,target_149,POINT (12.47436483181717 43.782360281990925),"11692","12134",45.059003177368922,13.624283092534323,40.000000000000000,50.000000000000000,"fill:#ff0000; fill-opacity:0.2; stroke:#ff0000; stroke-opacity:1.0; stroke-width:1.0; symbol:circle",./0.png
13.6753880755895,45.0327467328382,ID00000151,target_150,POINT (12.474371582065308 43.78235877135847),"12034","11782",45.032746732838149,13.675388075589535,30.000000000000000,40.000000000000000,"fill:#ff0000; fill-opacity:0.2; stroke:#ff0000; stroke-opacity:1.0; stroke-width:1.0; symbol:circle",./0.png
13.6752355639972,45.0338867385239,ID00000152,target_151,POINT (12.474371534023307 43.78235887524536),"12035","11795",45.033886738523947,13.675235563997205,90.000000000000000,110.000000000000000,"fill:#ff0000; fill-opacity:0.2; stroke:#ff0000; stroke-opacity:1.0; stroke-width:1.0; symbol:circle",./0.png
13.6729851262237,45.0340249825783,ID00000153,target_152,POINT (12.474371264081118 43.782358846219566),"12018","11799",45.034024982578323,13.672985126223688,50.000000000000000,80.000000000000000,"fill:#ff0000; fill-opacity:0.2; stroke:#ff0000; stroke-opacity:1.0; stroke-width:1.0; symbol:circle",./0.png
13.6602421066888,45.0522399769703,ID00000154,target_153,POINT (12.4743693005503 43.78236027609006),"11955","12013",45.052239976970355,13.660242106688802,130.000000000000000,70.000000000000000,"fill:#ff0000; fill-opacity:0.2; stroke:#ff0000; stroke-opacity:1.0; stroke-width:1.0; symbol:circle",./0.png
13.1524280136609,45.0357654252888,ID00000155,target_154,POINT (12.474308983456684 43.78235030258602),"7992","12526",45.035765425288837,13.152428013660854,140.000000000000000,280.000000000000000,"fill:#ff0000; fill-opacity:0.2; stroke:#ff0000; stroke-opacity:1.0; stroke-width:1.0; symbol:circle",./0.png
13.6105921703935,45.0739968644695,ID00000156,target_155,POINT (12.474362834787772 43.78236140231495),"11616","12314",45.073996864469514,13.610592170393494,100.000000000000000,90.000000000000000,"fill:#ff0000; fill-opacity:0.2; stroke:#ff0000; stroke-opacity:1.0; stroke-width:1.0; symbol:circle",./0.png
13.5965232987756,45.1335446888927,ID00000157,target_156,POINT (12.474359721928296 43.78236652520838),"11623","12975",45.133544688892719,13.596523298775562,100.000000000000000,250.000000000000000,"fill:#ff0000; fill-opacity:0.2; stroke:#ff0000; stroke-opacity:1.0; stroke-width:1.0; symbol:circle",./0.png
13.5821008675255,45.1419134794092,ID00000158,target_157,POINT (12.474357799090118 43.78236703336065),"11529","13084",45.141913479409197,13.582100867525520,280.000000000000000,200.000000000000000,"fill:#ff0000; fill-opacity:0.2; stroke:#ff0000; stroke-opacity:1.0; stroke-width:1.0; symbol:circle",./0.png
13.5891345127817,45.1438962699922,ID00000159,target_158,POINT (12.474358599704384 43.78236733106787),"11587","13096",45.143896269992226,13.589134512781740,50.000000000000000,40.000000000000000,"fill:#ff0000; fill-opacity:0.2; stroke:#ff0000; stroke-opacity:1.0; stroke-width:1.0; symbol:circle",./0.png
13.5779493271353,45.1745019317598,ID00000160,target_159,POINT (12.474356519674291 43.78236989622725),"11560","13441",45.174501931759757,13.577949327135322,40.000000000000000,60.000000000000000,"fill:#ff0000; fill-opacity:0.2; stroke:#ff0000; stroke-opacity:1.0; stroke-width:1.0; symbol:circle",./0.png
13.5745132078198,45.1909986882456,ID00000161,target_160,POINT (12.474355717453054 43.78237132877875),"11566","13624",45.190998688245578,13.574513207819832,270.000000000000000,170.000000000000000,"fill:#ff0000; fill-opacity:0.2; stroke:#ff0000; stroke-opacity:1.0; stroke-width:1.0; symbol:circle",./0.png
12.5834151875335,45.0913681843316,ID00000162,target_161,POINT (12.474239620638752 43.782345801280385),"3702","13925",45.091368184331643,12.583415187533451,280.000000000000000,250.000000000000000,"fill:#ff0000; fill-opacity:0.2; stroke:#ff0000; stroke-opacity:1.0; stroke-width:1.0; symbol:circle",./0.png
12.5705742167319,45.0907801246763,ID00000163,target_162,POINT (12.474238106921726 43.782345535585584),"3602","13937",45.090780124676328,12.570574216731885,70.000000000000000,70.000000000000000,"fill:#ff0000; fill-opacity:0.2; stroke:#ff0000; stroke-opacity:1.0; stroke-width:1.0; symbol:circle",./0.png
12.5732113310241,45.0965777868166,ID00000164,target_163,POINT (12.474238278150144 43.782346095684815),"3634","13995",45.096577786816589,12.573211331024053,40.000000000000000,40.000000000000000,"fill:#ff0000; fill-opacity:0.2; stroke:#ff0000; stroke-opacity:1.0; stroke-width:1.0; symbol:circle",./0.png
13.5680385055894,45.1974306416973,ID00000165,target_164,POINT (12.474354788858147 43.782371799320785),"11529","13702",45.197430641697338,13.568038505589415,70.000000000000000,110.000000000000000,"fill:#ff0000; fill-opacity:0.2; stroke:#ff0000; stroke-opacity:1.0; stroke-width:1.0; symbol:circle",./0.png
12.3667500563295,45.1163322501227,ID00000166,target_165,POINT (12.474213118997358 43.782344427035135),"2080","14505",45.116332250122738,12.366750056329458,20.000000000000000,30.000000000000000,"fill:#ff0000; fill-opacity:0.2; stroke:#ff0000; stroke-opacity:1.0; stroke-width:1.0; symbol:circle",./0.png
12.3662560787461,45.1178958222711,ID00000167,target_166,POINT (12.474213032185679 43.78234455743824),"2080","14522",45.117895822271088,12.366256078746076,110.000000000000000,260.000000000000000,"fill:#ff0000; fill-opacity:0.2; stroke:#ff0000; stroke-opacity:1.0; stroke-width:1.0; symbol:circle",./0.png
12.6269764161647,45.1250860681059,ID00000168,target_167,POINT (12.474244018147605 43.78234956306259),"4109","14225",45.125086068105915,12.626976416164721,40.000000000000000,30.000000000000000,"fill:#ff0000; fill-opacity:0.2; stroke:#ff0000; stroke-opacity:1.0; stroke-width:1.0; symbol:circle",./0.png
12.7262087530971,45.1374009463097,ID00000169,target_168,POINT (12.474255592527575 43.7823523310867),"4902","14216",45.137400946309711,12.726208753097129,50.000000000000000,50.000000000000000,"fill:#ff0000; fill-opacity:0.2; stroke:#ff0000; stroke-opacity:1.0; stroke-width:1.0; symbol:circle",./0.png
12.590399390794,45.1833318553245,ID00000170,target_169,POINT (12.474238245971108 43.78235419272107),"3948","14903",45.183331855324525,12.590399390794005,40.000000000000000,50.000000000000000,"fill:#ff0000; fill-opacity:0.2; stroke:#ff0000; stroke-opacity:1.0; stroke-width:1.0; symbol:circle",./0.png
12.5014498622194,45.2284273788616,ID00000171,target_170,POINT (12.474226531314661 43.78235676016065),"3356","15514",45.228427378861575,12.501449862219360,100.000000000000000,240.000000000000000,"fill:#ff0000; fill-opacity:0.2; stroke:#ff0000; stroke-opacity:1.0; stroke-width:1.0; symbol:circle",./0.png
12.985468770919,45.2980878810204,ID00000172,target_171,POINT (12.474282725464315 43.78237112160703),"7233","15581",45.298087881020351,12.985468770919002,50.000000000000000,50.000000000000000,"fill:#ff0000; fill-opacity:0.2; stroke:#ff0000; stroke-opacity:1.0; stroke-width:1.0; symbol:circle",./0.png
